T(K),Na2O,MgO,Al2O3,SiO2,K2O,CaO,TiO2,MnO,FeO,Fe2O3,GAMMA
1473,0.054801438,0.094743256,0.172457959,0.468271265,0.010033737,0.086139456,0.012673588,0.001843164,0.099036137,0.012162333,0.999385233
1473,0.053630132,0.093375203,0.171924692,0.468109631,0.010902657,0.089471013,0.013484866,0.001124267,0.097977538,0.01409266,0.989869224
1473,0.059250142,0.095228651,0.169546559,0.46597046,0.009258926,0.087498135,0.014872505,0.001434809,0.096939815,0.009606648,0.974912361
1473,0.056701614,0.093539432,0.172671984,0.468168152,0.010462082,0.08821047,0.013456975,0,0.096789291,0.01136185,0.982873709
1632,0.049952754,0.094202568,0.169135599,0.471538579,0.009884268,0.091662643,0.013152417,0.001536968,0.098934204,0.019019661,1.007607587
1628,0.051377766,0.09499382,0.1690861,0.470608106,0.009682132,0.09009786,0.01411371,0.001444126,0.09859638,0.019719276,1.005828779
1638,0.057123306,0.093933051,0.170716546,0.469949042,0.010747627,0.088480313,0.012304491,0.001440943,0.095304682,0.011113267,0.978976243
1475,0.055889501,0.082396053,0.166983136,0.45139116,0.057036032,0.083444143,0.013861388,0.00222877,0.086769816,0.017740527,0.755594534
1476,0.056007482,0.079060562,0.167787122,0.448432637,0.057090799,0.086570007,0.01264466,0.001351636,0.091055094,0.020958794,0.745536998
1476,0.053433136,0.085888818,0.168846874,0.445617958,0.054110667,0.08545061,0.013069369,0.000629303,0.092953266,0.020105879,0.767225372
1476,0.055296834,0.07708251,0.167504356,0.448540059,0.056574319,0.08779122,0.013682761,0.001516096,0.092011844,0.020462976,0.747492378
1476,0.049805145,0.082448573,0.167173239,0.450416127,0.058212491,0.084029834,0.012092415,0.002241707,0.09358047,0.021871298,0.769166975
1476,0.062918342,0.08314859,0.142808877,0.417434106,0.068246012,0.102576771,0.015117283,0.001113127,0.106636892,0.024608514,0.612111994
1476,0.04733261,0.08880347,0.143965096,0.423575082,0.074613116,0.098940298,0.014624691,0.002157446,0.105988192,0.025694107,0.646498138
1469,0.055496994,0.086866442,0.142233569,0.42192272,0.06912831,0.102136564,0.016116223,0.001511606,0.104587573,0.018930265,0.634130317
1636,0.050333403,0.090925005,0.162653154,0.449944016,0.054083582,0.085210529,0.012585071,0.00096033,0.09330491,0.019194576,0.77888871
1632,0.04584057,0.091859207,0.164185947,0.450473398,0.054206659,0.085732564,0.014118487,0.000638825,0.092944344,0.017807445,0.795124525
1636,0.033748681,0.091471834,0.164111232,0.453547845,0.07273957,0.082692172,0.011462636,0.001612691,0.088613339,0.017779335,0.768437896
1632,0.0366136,0.091479353,0.160659091,0.446197132,0.075451843,0.084602268,0.012666546,0.00127433,0.091055837,0.021012886,0.734372893
1639,0.046004964,0.089134617,0.15635316,0.429355319,0.091873979,0.080847725,0.012552673,0.001756072,0.092121491,0.020487361,0.634509412
1473,0.072162851,0.092601437,0.169723839,0.465677029,0.01040432,0.08611753,0.012819196,0.001030598,0.089463199,0.006008722,0.916708962
1475,0.098866574,0.090477218,0.164963416,0.447259507,0.010023217,0.084717237,0.012084603,0.00046902,0.091139208,0.011402368,0.794508185
1470,0.100165548,0.090936008,0.162432324,0.44830343,0.00825833,0.083965304,0.012646214,0.002033383,0.091259459,0.012519632,0.798653641
1472,0.104785131,0.089954005,0.162553049,0.446068213,0.010042147,0.083687368,0.01266409,0.000939811,0.089306188,0.009497262,0.773068121
1473,0.099115332,0.08668045,0.162942112,0.442751524,0.009836079,0.08668045,0.013776464,0.001749373,0.096468215,0.017460668,0.784278761
1479,0.13393217,0.088584578,0.156061752,0.431344968,0.009051519,0.080391563,0.011404494,7.59532E-05,0.089153003,0.018001365,0.670989681
1473,0.137992495,0.090760953,0.15495708,0.426158413,0.008837651,0.078796922,0.012032644,0.002130374,0.088333468,0.013664433,0.657732976
1473,0.146796868,0.087534109,0.153999565,0.425267647,0.009568437,0.078776874,0.011941989,0.000528581,0.085585932,0.015548344,0.628407633
1473,0.144073969,0.086709735,0.15611084,0.42145696,0.01021431,0.078695683,0.012505058,0.002130241,0.088103204,0.021509701,0.632239722
1473,0.140014093,0.086036614,0.155506098,0.423289112,0.010208927,0.080757811,0.01133443,0.000933456,0.09191946,0.017066479,0.641112803
1633,0.088296275,0.092323424,0.162563301,0.452709961,0.00998709,0.084426146,0.013535964,0.00111671,0.095041129,0.021021558,0.838781387
1629,0.100751545,0.090322398,0.164082104,0.449829929,0.007423595,0.085719855,0.012270628,0.001825585,0.087774362,0.017272866,0.798757464
1633,0.121648644,0.088011087,0.159464118,0.436434724,0.009481399,0.081267018,0.012774047,0.000942791,0.089976172,0.020389032,0.712761771
1637,0.123928121,0.084176752,0.163537219,0.440111017,0.00927794,0.082008264,0.010998072,0.001479209,0.084483407,0.016842569,0.71011881
1470,0.053148638,0.092105852,0.199781418,0.45070845,0.010954839,0.080500678,0.014409686,0.001533094,0.096857344,0.015872943,1.019404609
1468,0.054755042,0.096119904,0.191653456,0.450743017,0.009937692,0.08289706,0.013419134,0.000241015,0.100233678,0.016003696,1.003406319
1478,0.048725791,0.086682074,0.216747256,0.443613871,0.010104083,0.075095856,0.015056813,0.002098185,0.101876072,0.017261394,1.06641625
1473,0.050863828,0.088586293,0.210012304,0.446085022,0.012321443,0.070135935,0.015088791,0.002345254,0.104561131,0.020101413,1.056046102
1473,0.050807652,0.087356231,0.209776198,0.444510502,0.012163408,0.071147514,0.016520858,0.002715156,0.105002481,0.009371806,1.052041137
1632,0.048228444,0.09315729,0.227361635,0.446622393,0.008620335,0.085188683,0.011942005,0.001287767,0.077591447,0.009168654,1.060074574
1636,0.047095724,0.09145935,0.22647235,0.439117617,0.009354922,0.083648162,0.012149795,0.002703187,0.087998895,0.012721825,1.053866445
1636,0.046139161,0.085429259,0.273687913,0.416757506,0.008407343,0.078710998,0.011786424,0.000392484,0.078688913,0.011776572,1.086194016
1632,0.046366398,0.084082622,0.272923189,0.410470907,0.008703204,0.079131811,0.011177413,0.002083395,0.085061061,0.011159183,1.071069179
1480,0.052008282,0.08655273,0.159728222,0.518750676,0.009388281,0.08111793,0.011271548,0.001276624,0.079905707,0.010119063,1.085434471
1480,0.041230075,0.081674375,0.14890753,0.542871902,0.007560748,0.078194515,0.011419976,0.001212596,0.086928283,0.020316572,1.182296753
1469,0.049681501,0.090219588,0.154781545,0.503145883,0.01027799,0.083115684,0.011822037,0.001763452,0.095192322,0.014793401,1.059443381
1473,0.043497715,0.084276822,0.143308091,0.546170465,0.007714953,0.074867765,0.011785727,0.000639286,0.087739175,0.017095717,1.179136627
1471,0.044486323,0.08141184,0.143497528,0.550374939,0.008630013,0.07625893,0.010165679,0.001879719,0.083295032,0.012825462,1.168456197
1836,0.043961422,0.092046537,0.154828377,0.515155215,0.009868329,0.082107719,0.012700676,0.001372964,0.087958761,0.018590653,1.110301148
1633,0.048068265,0.091710397,0.154676784,0.50656368,0.009559784,0.082671388,0.011688528,0.00216589,0.092895286,0.016312198,1.077499613
1635,0.043059684,0.076999476,0.143557865,0.565144371,0.008729333,0.073676797,0.00999302,0.001711566,0.077127889,0.012041063,1.204709486
1636,0.041812413,0.080067021,0.141665147,0.558773838,0.008162217,0.077638231,0.011071406,0,0.080809728,0.011325869,1.190886789
1478,0.038481477,0.093071262,0.168593848,0.463531383,0.010667545,0.118963267,0.012782431,0.001381802,0.092526986,0.014445141,0.966073252
1478,0.053429935,0.095338466,0.164170774,0.453260887,0.009688253,0.115768138,0.012910083,0.001043639,0.094389825,0.015862516,0.900570525
1473,0.048380803,0.087870249,0.159386542,0.443167544,0.010109128,0.14648449,0.012123201,0.000807397,0.091670646,0.011678808,0.826770712
1480,0.0434232,0.080206268,0.146379464,0.391963732,0.008353577,0.238575588,0.01131606,0.00079109,0.078991022,0.018738526,0.607563709
1484,0.044047133,0.081074254,0.143351106,0.393139014,0.00714204,0.237736534,0.012262913,0.000962949,0.080284057,0.016261683,0.610936687
1636,0.049715731,0.095191003,0.164428903,0.455934684,0.009644478,0.117572221,0.013206772,0.001838096,0.092468112,0.016425257,0.914749675
1636,0.042799659,0.091180874,0.171747208,0.459302714,0.008676619,0.119694129,0.012523807,0.001458197,0.092616794,0.015178003,0.952933864
1630,0.028798422,0.085579006,0.145837196,0.400411186,0.003992517,0.244409905,0.011828671,0.000561413,0.078581683,0.025269822,0.660086254
1632,0.020942762,0.082158641,0.151857738,0.403515752,0.002811559,0.248794587,0.011375524,0.001539659,0.077003777,0.014194824,0.68559291
1636,0.034169579,0.078155986,0.144602327,0.398127927,0.007553069,0.244569751,0.010403865,0.00201894,0.080398557,0.018170572,0.629227209
1734,0.041751957,0.097921102,0.155374909,0.483812199,0.008658401,0.105975219,0.013457171,0.001992952,0.081169168,0.007700866,1.028402909
1734,0.011830922,0.108400822,0.122716817,0.415265358,0.019256713,0.163837142,0.044921921,0.00258645,0.095797604,0.01427105,0.839972079
1732,0.041352745,0.098815831,0.1568794,0.492626672,0.012919839,0.107430339,0.013668789,0.001982554,0.068641628,0.004216892,1.01052009
1732,0.041071045,0.099433727,0.156416328,0.485995251,0.010068631,0.105932532,0.013766411,0.001907015,0.078244985,0.005492798,1.024300043
1732,0.013384737,0.109659239,0.123780699,0.422632634,0.006558114,0.168299411,0.045979184,0.002675329,0.098545127,0.00726122,0.892118732
1732,0.03741197,0.099087237,0.15708683,0.488211076,0.019644955,0.108276131,0.013757413,0.001985175,0.068888775,0.004081719,0.984680942
1732,0.011843721,0.093245801,0.16877947,0.415235206,0.004091903,0.195545602,0.023369875,0.003534529,0.076895408,0.00509938,0.866542655
1732,0.072466502,0.085332824,0.181859468,0.51626813,0.020882208,0.070883496,0.005056274,0.001153578,0.038546688,0.00586152,0.984113111
1732,0.02652287,0.091195712,0.163033978,0.396725475,0.016261849,0.186320492,0.022275597,0.003348355,0.074870554,0.014909775,0.768926833
1732,0.024676901,0.103714169,0.120920538,0.410345232,0.023412765,0.162664168,0.043580635,0.002655906,0.084753028,0.021184171,0.777227571
1732,0.049059576,0.097587673,0.154514505,0.481132105,0.007909842,0.104105588,0.013481934,0.001986166,0.074086521,0.014363554,0.997266889
1732,0.049507921,0.100402605,0.154199423,0.466491694,0.014301092,0.108924524,0.020074695,0.001501043,0.070715921,0.011062491,0.937919323
1731,0.011579917,0.093942078,0.174720515,0.420929989,0.004188481,0.194997534,0.023508103,0.00351154,0.067871181,0.003763473,0.8709021
1731,0.009904254,0.095440566,0.167089854,0.424630864,0.003574438,0.197998312,0.023302887,0.003268296,0.068068385,0.004924096,0.870966763
1728,0.053923557,0.093639628,0.151663365,0.463523243,0.008439533,0.103920357,0.012852686,0.001758307,0.054540479,0.052628021,0.957497737
1728,0.068257261,0.087345484,0.181289653,0.518423011,0.016751906,0.071372176,0.005070239,0.001002528,0.02847727,0.019751835,1.030550788
1728,0.06665602,0.082625313,0.156876867,0.369819826,0.033542481,0.173836901,0.020037819,0.001350012,0.031123296,0.057922174,0.588752784
1728,0.042940885,0.100273529,0.114663451,0.385302248,0.047369426,0.154562407,0.042540947,0.001065846,0.041901741,0.066921682,0.621923966
1728,0.0515352,0.097520806,0.152973813,0.46309446,0.018617144,0.109073302,0.019454005,0.000716598,0.042025367,0.04092769,0.910010625
1635,0.056015388,0.096874201,0.154258631,0.47562348,0.011167055,0.104990257,0.013643958,0.000866274,0.075067425,0.00767735,0.95269459
1635,0.045727207,0.086611902,0.154540026,0.381224673,0.030039856,0.179217987,0.021387497,0.001519511,0.078516154,0.007938243,0.690723273
1635,0.029783346,0.103436631,0.119936368,0.3954732,0.038306453,0.159204617,0.044182829,0.001139455,0.092648958,0.00887218,0.718175726
1635,0.055192751,0.088795664,0.153348913,0.471129935,0.015498617,0.098717869,0.022926788,0.000637155,0.081329362,0.00825842,0.948949735
1634,0.020780768,0.089872183,0.167479457,0.40339429,0.011993156,0.191248006,0.021839616,0.00154139,0.080685249,0.005679922,0.810455587
1634,0.019588249,0.092097419,0.163403676,0.407715419,0.011197255,0.191878229,0.022900882,0.003425872,0.077269943,0.004843428,0.816204406
1634,0.051467951,0.095673609,0.153304892,0.475245165,0.006402805,0.105346417,0.013590102,0.001041093,0.042111529,0.050959682,1.00371938
1634,0.06799004,0.086036615,0.181990701,0.519329999,0.014481035,0.071942214,0.005089845,0.000464495,0.024547041,0.025042555,1.051236932
1634,0.075594414,0.08230228,0.147813599,0.362995875,0.038686667,0.172631099,0.020379471,0.001433605,0.030508468,0.058373915,0.555426613
1634,0.047103811,0.090257579,0.148005746,0.483385865,0.01113083,0.101118875,0.023125236,0.001540605,0.038645319,0.05023093,1.020376994
1637,0.053708859,0.096132464,0.14990768,0.478066696,0.008314029,0.106892504,0.013696661,0.001757263,0.073778638,0.013874789,0.971781512
1637,0.057446729,0.085933012,0.150537965,0.373130183,0.036086091,0.177075309,0.020616102,0.003109817,0.061481678,0.023179299,0.621235911
1637,0.038161258,0.101997597,0.113038355,0.383657156,0.053778263,0.155912673,0.042231886,0.002360382,0.077103323,0.025319064,0.625828263
1637,0.071226996,0.085534102,0.181002441,0.520765135,0.016861457,0.071148289,0.004999711,0.001002125,0.037574885,0.006900115,1.021506239
1637,0.05688864,0.090923902,0.154870226,0.489264068,0.017100324,0.098089605,0.023403836,0.001386405,0.046417607,0.015684012,0.967876641
1639,0.031358905,0.097212607,0.15969376,0.489171576,0.008177211,0.109707333,0.013952675,0.000797164,0.07912654,0.00487476,1.109125779
1639,0.010421665,0.104998277,0.122663556,0.405993336,0.017997026,0.164892399,0.044607291,0.001077043,0.11160656,0.009765574,0.867806874
1639,0.008823382,0.091950899,0.164092074,0.406601445,0.006686438,0.190906196,0.023264123,0.003365399,0.084062004,0.007638326,0.923015885
1639,0.035986308,0.086203565,0.14275683,0.457350391,0.007154765,0.093981331,0.022006233,0.001430408,0.144488088,0.003803098,1.07009095
1633,0.04748914,0.095719147,0.153168536,0.480735506,0.005220437,0.105969675,0.013514351,0.001770569,0.024567756,0.069685251,1.015518522
1633,0.064886101,0.085889178,0.181557011,0.524662819,0.012968853,0.073520345,0.004930174,0.001016024,0.014007017,0.035463919,1.063770862
1633,0.035620843,0.101467297,0.115745448,0.394807149,0.034617041,0.15827388,0.043205919,0.002319636,0.020476195,0.092436561,0.683695472
1633,0.065424755,0.083546668,0.152067364,0.373079088,0.023292541,0.180366145,0.021011218,0.003006884,0.015765032,0.076992576,0.611827798
1633,0.043769056,0.090169795,0.151882642,0.483386435,0.014215218,0.099370794,0.023029402,0.001453472,0.024331532,0.066768586,1.002441996
1731,0.045334094,0.099000851,0.152506382,0.482961048,0.004358071,0.105665933,0.013618214,0.001765494,0.032715798,0.061804411,1.019733726
1731,0.063986392,0.087057041,0.181071732,0.52592371,0.011957741,0.073006696,0.005109468,0.001010285,0.018749099,0.031062283,1.076312212
1731,0.049823089,0.087023089,0.152440134,0.391699953,0.011894096,0.184934356,0.021738079,0.003088836,0.024012994,0.072183059,0.684642323
1731,0.026525302,0.105299724,0.118894269,0.405620848,0.021397266,0.162682158,0.043960137,0.002252811,0.029989388,0.083115794,0.763213662
1731,0.042489602,0.088291166,0.155300422,0.490346702,0.00746519,0.100554969,0.023641761,0.00137915,0.030436965,0.059603727,1.046672065
1710,0.049194581,0.097306147,0.154757053,0.478564149,0.002300382,0.108219556,0.013405997,0.001364416,0.027029485,0.067858234,1.000789498
1661,0.048840916,0.096194571,0.155469355,0.480403654,0.002301016,0.108351027,0.01348102,0.001364792,0.022372669,0.07122098,1.004972615
1758,0.0448066,0.095172537,0.157247917,0.482150358,0.002067514,0.108299079,0.013609686,0.001370566,0.035328477,0.059947266,1.028860352
1808,0.044600149,0.096298697,0.155519313,0.484480593,0.002057988,0.108409696,0.013475679,0.001364251,0.033980338,0.059813297,1.031047561
1857,0.042595951,0.097612661,0.155796348,0.483794532,0.0019376,0.108650495,0.013694317,0.001364724,0.040553365,0.054000007,1.03993626
1908,0.040765164,0.096933074,0.154642395,0.48681944,0.001955466,0.110575507,0.013604642,0.001377307,0.044357851,0.048969153,1.045522536
1615,0.048799423,0.096036168,0.153422348,0.483863645,0.00253155,0.106437051,0.013561121,0.001358526,0.040447878,0.053542289,1.012010884
1569,0.049166774,0.096606313,0.153872398,0.480670709,0.002411089,0.10735159,0.013561621,0.001358576,0.037065472,0.057935458,1.00468797
1522,0.049642349,0.098746905,0.153108972,0.478582883,0.002425394,0.107276064,0.013784933,0.001366636,0.03158571,0.063480153,0.999532426
1909,0.010447544,0.098174264,0.161710128,0.505185388,0.001599681,0.115359408,0.014494892,0.001794586,0.08747486,0.00375925,1.222214266
1821,0.027565009,0.094400842,0.152834606,0.482974337,0.001842687,0.108567154,0.013674675,0.001791573,0.101120847,0.01522827,1.109166815
1817,0.022754746,0.095916803,0.156867365,0.499608502,0.001708279,0.111626432,0.014013941,0.001698641,0.082758312,0.013046979,1.153505776
1905,0.016072361,0.09836008,0.156648471,0.50425648,0.001584045,0.111777467,0.013994386,0.00185782,0.082563289,0.0128856,1.196433449
1573,0.072098349,0.063621439,0.175840329,0.521234778,0.022717739,0.072512634,0.009151171,0.001014385,0.050712742,0.005601453,0.993536717
1573,0.055153356,0.042304702,0.133983546,0.562696452,0.016444734,0.066708848,0.018196991,0.002147227,0.082706424,0.011637453,1.157473452
1573,0.045221181,0.011249467,0.166394826,0.621797445,0.029826737,0.041618906,0.006072587,0.001952821,0.06145542,0.012331146,1.273538837
1573,0.042254953,0.00014363,0.150388824,0.725521874,0.041927671,0.01025927,0.002015857,0.000729291,0.020187963,0.006391525,1.42778067
1573,0.07454603,0.080515181,0.152665868,0.381952718,0.026327472,0.142263665,0.031012311,0.002072001,0.082634001,0.013207315,0.688862599
1573,0.098436927,0.050402534,0.193145262,0.377197227,0.060613594,0.106244473,0.018055828,0.002009054,0.063764076,0.02129781,0.566232875
1573,0.100315482,0.017171394,0.233299773,0.444833737,0.097924985,0.044618582,0.007658388,0.001373055,0.042064656,0.007842054,0.590741755
1573,0.041913417,0.092251432,0.106096648,0.379207763,0.063030646,0.152205581,0.043057253,0.002280573,0.087663723,0.020428134,0.609818341
1573,0.039896428,0.094637497,0.109241787,0.377490434,0.061113966,0.154392253,0.042802243,0.002200896,0.086851376,0.020227862,0.61482736
1573,0.043273683,0.140311219,0.095659715,0.392317239,0.038666165,0.135233562,0.042170127,0.00169802,0.088301636,0.017556818,0.691099158
1573,0.062143061,0.020680845,0.17086833,0.601633167,0.045568985,0.036323011,0.005254171,0.001358558,0.043203135,0.011898568,1.074290364
1573,0.085001778,0.048812857,0.178478609,0.470505594,0.028806222,0.075726864,0.017456825,0.001893799,0.071408812,0.013566897,0.865122461
1573,0.098203326,0.045167292,0.202910207,0.452409595,0.033502969,0.079619932,0.011147033,0.00179233,0.060622088,0.009945092,0.763870892
1573,0.033024388,0.001156786,0.135865707,0.748248061,0.035441969,0.016215668,0.001884489,0.000734209,0.017351797,0.009688087,1.524861136
1573,0.06347633,0.128619356,0.160908914,0.432487165,0.013916806,0.089515303,0.016599868,0.001395458,0.074279816,0.013810091,0.910078685
1573,0.054571174,0.090490333,0.047815897,0.550389762,0.013039246,0.108410565,0.019919369,0.001890829,0.093008387,0.016278684,0.924900242
1573,0.039944981,0.141657563,0.165843,0.446394075,0.003058098,0.116682396,0.005195583,0.001247526,0.06910125,0.00884496,0.992552029
1573,0.069022394,0.111696473,0.168579992,0.441057866,0.018752694,0.085029484,0.015073748,0.001485497,0.073217084,0.010878627,0.892003137
1573,0.052453378,0.12490801,0.104917433,0.413921889,0.051356657,0.11594582,0.032362876,0.001666519,0.077911215,0.017723434,0.686228909
1573,0.058566819,0.11451425,0.159163241,0.429648214,0.011458808,0.114415104,0.017115823,0.001487897,0.075186124,0.011173815,0.887739785
1573,0.020930033,0.135559341,0.090759103,0.397891771,0.064340768,0.149897349,0.036588216,0.001715879,0.074184302,0.019551828,0.657853828
1573,0.073788256,0.080692602,0.176064428,0.519072004,0.013922099,0.073053415,0.005374615,0.001008214,0.047731286,0.006804572,1.010347812
1573,0.053244335,0.116869529,0.185062426,0.449753827,0.002946192,0.1082052,0.007634993,0.001328072,0.066158369,0.007062021,0.976847462
1573,0.050423068,0.055983909,0.193460219,0.455077125,0.082436808,0.084035253,0.00722391,0.00140724,0.052658133,0.010808775,0.721153761
1573,0.075531938,0.094348277,0.171979341,0.481887843,0.008557135,0.073097779,0.01505071,0.000699358,0.065423988,0.010605573,0.986219227
1573,0.073631453,0.099521364,0.179989148,0.42766428,0.024398899,0.102875798,0.016012596,0.001540397,0.059536862,0.009692753,0.799560164
1566,0.066847506,0.07672477,0.167720707,0.386486365,0.025879446,0.140980508,0.033377771,0.002382726,0.072188545,0.01386677,0.734049775
1566,0.069284312,0.07935134,0.144705001,0.364044135,0.04056756,0.173643645,0.021082213,0.002847437,0.06869639,0.018926556,0.595107906
1566,0.093610068,0.014727749,0.217440194,0.538562888,0.048512209,0.032728332,0.009022848,0.001538709,0.030758571,0.008727555,0.924160808
1573,0.071885744,0.024684034,0.199657038,0.5390037,0.064783487,0.039892394,0.012027336,0.001011394,0.036390181,0.006688132,0.898819026
1575,0.049475776,0.000728968,0.092164448,0.725080355,0.054470984,0.003853118,0.002265465,0.00238534,0.046896953,0.022525117,1.210260685
1575,0.076559164,0.003767197,0.207776214,0.600778222,0.081985199,0.011916643,0.002292959,0.000834962,0.011436134,0.002556312,0.913232179
1575,0.03682511,0.002927124,0.12902304,0.71695027,0.056175872,0.003658905,0.004034883,0.002229403,0.04163021,0.006439673,1.329775602
1575,0.074636539,0.005812008,0.222061034,0.596791741,0.057354567,0.007610963,0.005410391,0.001717566,0.022371618,0.005535246,1.084862411
1575,0.059515524,0.013337214,0.199186494,0.583132625,0.070942627,0.023121807,0.007103153,0.001018946,0.033420217,0.006043425,1.007733606
1575,0.073015124,0.016227074,0.223975508,0.554679315,0.04686051,0.033484439,0.008550994,0.001721436,0.03251579,0.005270332,1.045871933
1575,0.055829254,0.08013059,0.148690761,0.37460695,0.029798005,0.174859953,0.021688056,0.002971019,0.075750054,0.021989656,0.662350177
1575,0.060304672,0.043797622,0.169889668,0.561859594,0.016434156,0.069064713,0.006242425,0.001420995,0.061024376,0.007696068,1.116497481
1575,0.058902462,0.059905848,0.142762051,0.487407036,0.009191773,0.086608386,0.023820284,0.002518554,0.104083211,0.015768486,1.044771582
1575,0.062845561,0.043585718,0.190892692,0.567490658,0.018959272,0.062462979,0.005063066,0.000936761,0.040818371,0.00470449,1.142836161
1575,0.054696071,0.046919626,0.046697558,0.617397555,0.021480445,0.079162422,0.019301479,0.00246453,0.087457463,0.01520843,1.054957788
1575,0.043526103,0.118755799,0.190403965,0.445345766,0.005647614,0.108031635,0.007276258,0.001325941,0.071889424,0.004769587,1.013912031
1603,0.015029861,0.160375036,0.091357981,0.453993458,0.076284151,0.123583951,0.019580899,0.00120212,0.040484398,0.007883804,0.736130939
1603,0.054050834,0.129774993,0.173183638,0.409220161,0.01747576,0.116163873,0.017977987,0.001312941,0.062742832,0.012183517,0.850793334
1603,0.042843359,0.060572263,0.175865502,0.422709186,0.098608759,0.123645216,0.006406668,0.001567585,0.049936613,0.013892721,0.566912273
1601,0.044743479,0.054590638,0.199226338,0.457335855,0.081068164,0.085646027,0.007818208,0.001414225,0.055163159,0.008912757,0.735174342
1601,0.022715605,0.094399435,0.118396803,0.550039583,0.122456479,0.038120183,0.019385794,0.000547437,0.025567476,0.004435803,0.777514118
1601,0.04150469,0.134186621,0.146389342,0.466247889,0.041239387,0.088451939,0.011417841,0.001168283,0.052919964,0.008283125,0.915434703
1474,0.036729925,0.097185898,0.108698464,0.38184282,0.049064013,0.154856651,0.042661426,0.00210884,0.089614216,0.025374721,0.670646027
1507,0.055638542,0.081869483,0.131507606,0.379338318,0.037317657,0.174706231,0.020153567,0.002794335,0.081092549,0.020248858,0.641338403
1507,0.090481203,0.054338288,0.190084036,0.382556448,0.061105683,0.103268689,0.018274856,0.001812583,0.070619598,0.018229169,0.593682358
1507,0.097771782,0.047031598,0.181633326,0.469490869,0.030663877,0.070036612,0.016681538,0.001784453,0.067231655,0.010932784,0.814078632
1474,0.108967105,0.017292042,0.228562996,0.445392952,0.094460238,0.043660969,0.008936456,0.001436891,0.036788409,0.011796122,0.57826103
1474,0.066499169,0.082857597,0.160009348,0.380974107,0.021809414,0.139112903,0.035110059,0.002168637,0.076403626,0.022636354,0.740995711
1507,0.070422019,0.095236977,0.182779659,0.433705739,0.027056289,0.099992979,0.015456662,0.00153955,0.059731565,0.009141658,0.813446496
1474,0.102943914,0.04310666,0.206933436,0.450316352,0.038782892,0.07594983,0.010906566,0.001466902,0.054586565,0.01046876,0.734032351
1507,0.10832959,0.019257104,0.167443631,0.564505613,0.053175901,0.034338207,0.004652732,0.001172415,0.03632835,0.009697822,0.802957013
1615,0.074076641,0.003836767,0.156479892,0.684081273,0.052970962,0.012890724,0.001851962,0.000320683,0.005052532,0.008028789,1.117378313
1617,0.111919834,0.002567898,0.08984844,0.675547261,0.046258579,0.005298836,0.002002259,0.001931658,0.012522463,0.051999925,0.903470992
1613,0.106761564,0.002985472,0.125551485,0.655382094,0.052994389,0.004061866,0.00349178,0.002165565,0.005607632,0.040588197,0.92038188
1617,0.102028662,0.019977609,0.171588839,0.573622805,0.044824035,0.035424831,0.004691799,0.001182259,0.010167314,0.035484703,0.874688042
1622,0.068067846,0.045481279,0.172654975,0.551858527,0.014803484,0.069556009,0.006074605,0.001286992,0.01853469,0.050756537,1.067484074
1617,0.050326542,0.129054275,0.111228478,0.417562277,0.050157264,0.116558544,0.031769418,0.000161798,0.014578353,0.078292927,0.673487321
1623,0.042704558,0.097538527,0.113093119,0.383933416,0.0524871,0.154337067,0.04121794,0.001974127,0.021302635,0.084999942,0.62170022
1615,0.073791502,0.081960624,0.148994083,0.36785551,0.032889061,0.171787687,0.020789853,0.002875034,0.010066168,0.079908069,0.583488418
1719,0.065006233,0.081468211,0.184070207,0.528039842,0.01122111,0.073557329,0.005148004,0.000939604,0.016268969,0.034280491,1.071740328
1701,0.129869151,0.014680861,0.223091509,0.53396925,0.018260972,0.031156497,0.008703229,0.001513162,0.011685087,0.026256155,0.906885555
1707,0.068828195,0.08431902,0.183253663,0.521564765,0.011585774,0.073622867,0.005152591,0.000940442,0.017132365,0.033199746,1.044748558
1718,0.070761601,0.010021567,0.232635719,0.516203486,0.105546289,0.031913918,0.003767506,0.001413479,0.008196652,0.019138409,0.722516217
1720,0.051930409,0.088828819,0.16019513,0.381762693,0.013456132,0.182852667,0.021398285,0.003081504,0.019244647,0.077042471,0.66828401
1718,0.054142308,0.060216695,0.147229084,0.502247483,0.006265067,0.090440723,0.024132286,0.002574952,0.03762521,0.074277073,1.035877523
1703,0.044341781,0.088261936,0.160219704,0.492367474,0.00674924,0.102591126,0.024365991,0.001408516,0.011830265,0.067334605,1.04455236
1707,0.049288497,0.092168556,0.153997267,0.48163014,0.007757933,0.101387478,0.024006478,0.001306102,0.013986856,0.071550001,1.016745468
1718,0.109164283,0.000710944,0.089885608,0.687530111,0.042838149,0.004671917,0.002066904,0.002085703,0.011138121,0.049908259,0.943345599
1727,0.092097772,0.00028665,0.113760583,0.692832304,0.050011223,0.002764122,0.001724209,0.000970323,0.00939574,0.035902874,1.023409308
1707,0.077138619,0.003550026,0.155254449,0.685202259,0.051120367,0.012475804,0.001921818,0.000320454,0.004970036,0.007739056,1.113150444
1727,0.100014135,0.003146201,0.124502076,0.663467077,0.051483291,0.003677378,0.003512505,0.002178419,0.009772291,0.038040432,0.96338713
1703,0.089499017,0.014044319,0.126786649,0.646994067,0.042809865,0.020472768,0.005243902,0.001778734,0.015525182,0.036328927,1.001392784
1703,0.093667695,0.020499999,0.180607031,0.57502966,0.039434566,0.037108609,0.0049267,0.001346678,0.01294901,0.033417807,0.94203404
1720,0.097859742,0.012571144,0.191776993,0.560313865,0.065368775,0.022892508,0.006439816,0.000935252,0.010744568,0.028734044,0.838095223
1720,0.143056199,0.005550196,0.207780661,0.54400948,0.058641409,0.007445385,0.005089122,0.001527454,0.005941267,0.020373281,0.728799441
1703,0.079948021,0.044896318,0.190434324,0.561413769,0.015117207,0.056345179,0.005258042,0.000946893,0.015229627,0.029301491,1.083319569
1702,0.020398779,0.098241976,0.12620673,0.557645546,0.107035462,0.03972428,0.020306115,0.000477807,0.008547554,0.021313992,0.84624891
1702,0.093756435,0.023151181,0.189672327,0.545214962,0.069079658,0.027494518,0.007899518,0.000944191,0.008212936,0.031658543,0.814717405
1718,0.086385479,0.024914398,0.201957003,0.532620658,0.05792531,0.04026469,0.010395389,0.001020832,0.011985511,0.02811569,0.870299828
1720,0.045283219,0.055812932,0.204503711,0.464731919,0.069931096,0.086981192,0.007912519,0.001192737,0.016756408,0.04679266,0.767799732
1707,0.011912328,0.172524019,0.099561372,0.469103771,0.037566605,0.13198953,0.02031804,0.001139358,0.014264806,0.041544245,0.864535404
1709,0.061250399,0.116097346,0.177527893,0.450561644,0.016467709,0.084815893,0.015350977,0.001335116,0.022427545,0.053663701,0.928096218
1718,0.039414256,0.131604936,0.113295219,0.424599584,0.043125262,0.119900376,0.033627627,0.001288472,0.023393261,0.069442301,0.73614653
1718,0.053607293,0.075135753,0.169510419,0.401313318,0.011033703,0.151218596,0.034338911,0.002327278,0.024472321,0.076829991,0.763603287
1718,0.029681276,0.104026256,0.114569651,0.395495126,0.036036665,0.162527943,0.043771152,0.002149175,0.026617047,0.085125711,0.683816043
1718,0.044004052,0.072954819,0.244452394,0.371057516,0.011266681,0.135878094,0.031231369,0.002110732,0.022863334,0.06410527,0.84343151
1718,0.087500467,0.048238015,0.216913427,0.458983548,0.028083063,0.08029682,0.011564088,0.001656546,0.019264135,0.047399093,0.815228207
1617,0.07952136,0.001426598,0.134491872,0.70740263,0.033024237,0.016711582,0.0016447,0.000724366,0.0101447,0.014907954,1.191877119
1615,0.078879633,0.001448619,0.137817621,0.701034952,0.033903846,0.016555644,0.001742699,0.001798004,0.011106078,0.015427791,1.189191428
1617,0.047887522,0.055175348,0.200879106,0.454197066,0.083106798,0.08537362,0.007497756,0.001990316,0.010740299,0.052846976,0.698615064
1613,0.047722934,0.056532623,0.199637203,0.450948455,0.084975469,0.085080192,0.007401496,0.001190085,0.011406527,0.0519622,0.702810899
1716,0.062473299,0.040420037,0.157825733,0.549693116,0.013735264,0.064597284,0.017491226,0.002132745,0.03021002,0.061211639,1.093372503
1709,0.063519671,0.041386157,0.157970691,0.546394084,0.013594557,0.065139115,0.017760581,0.002130087,0.031543835,0.05982841,1.087530377
1703,0.053880545,0.132839047,0.172217082,0.43756547,0.010971535,0.091181715,0.017067927,0.001264885,0.022420092,0.060113873,0.9493385
1703,0.05435328,0.133251594,0.171578738,0.437432174,0.010874511,0.091569099,0.017243657,0.001267477,0.023714135,0.058411658,0.945460539
1716,0.075785053,0.00114323,0.137411704,0.707087455,0.032107723,0.017454665,0.001862404,0.000806227,0.009844476,0.016291021,1.221744075
1703,0.076729935,0.001292733,0.137553507,0.707364123,0.032272473,0.016415652,0.001799962,0.000729327,0.009575797,0.016087339,1.218889436
1523,0.088464129,0.000144033,0.114096716,0.699040075,0.051606711,0.002057614,0.001804925,0,0.005841338,0.03694446,1.039802782
1578,0.087991318,0.000143263,0.111239642,0.69816921,0.0551106,0.001330301,0.001723467,0,0.007401931,0.036890268,1.019614882
1625,0.077239699,0.000433774,0.11453893,0.708496996,0.049468657,0.002375427,0.00181192,0,0.00883613,0.036798466,1.117352463
1674,0.070271369,0.000289683,0.114736992,0.721309434,0.044623433,0.002793367,0.001887655,0,0.012874778,0.03121329,1.198466761
1675,0.076050103,0.000144458,0.11443333,0.711696004,0.050283649,0.002373237,0.00181025,0,0.009550273,0.033658695,1.121803712
1682,0.074549627,0.00028888,0.113286197,0.719310711,0.046343696,0.002579284,0.001882425,0,0.01243788,0.0293213,1.160551102
1725,0.061032488,0.000431309,0.118398443,0.740892352,0.040744899,0.002361928,0.001801623,0,0.012699643,0.021637315,1.310889785
1774,0.088659101,0.00014435,0.112083861,0.698656064,0.054177479,0.001959042,0.001808903,0,0.014435043,0.028076158,1.02157317
1830,0.050039167,0.000434108,0.121436871,0.760172116,0.036452794,0.002583979,0.001885851,0,0.015274186,0.011720928,1.444368896
1707,0.083425156,0.000141476,0.112071122,0.701720569,0.053941458,0.002425302,0.001772881,0,0.019177847,0.02532419,1.049224282
1469,0.092164507,0.00014257,0.110701292,0.694790383,0.052902513,0.002444055,0.001858053,0,0.030810928,0.0141857,1.005211884
1679,0.05766062,0.000288303,0.11645184,0.724601786,0.054470883,0.002059308,0.00180641,0,0.033074772,0.009586078,1.212205487
1491,0.053213436,0.083902909,0.153919594,0.512898011,0.073585242,0.063993744,0.012616979,0,0.037053168,0.008816916,0.789708711
1500,0.055801018,0.080911477,0.154273404,0.504999216,0.072541324,0.061978988,0.011957361,0.000708335,0.039138214,0.007533137,0.839004352
1562,0.053802221,0.083393442,0.154795671,0.517039343,0.063402674,0.06264436,0.012052686,0.000705727,0.037642873,0.008408839,0.877240359
1679,0.036938967,0.084451713,0.162784956,0.534002016,0.053357158,0.064003356,0.012412511,0.000646041,0.043657241,0.003721601,1.011344432
1573,0.055963967,0.082546851,0.159113239,0.500877504,0.069657278,0.062759591,0.01234293,0.001026138,0.023240592,0.022385587,0.849161796
1673,0.051905442,0.08620011,0.13296226,0.535398458,0.065291998,0.064034367,0.012314301,0.000567373,0.029451704,0.015659687,0.87385752
1708,0.050762275,0.084301636,0.152073539,0.523606825,0.063854005,0.062624072,0.012043091,0.000554877,0.026539404,0.017562841,0.892088885
1488,0.054276787,0.081324719,0.157260782,0.504774117,0.070763842,0.063096765,0.011948148,0.000711952,0.005608601,0.040732467,0.84865863
1515,0.053958707,0.080848129,0.154152619,0.502745261,0.073552223,0.062428296,0.011947999,0.00070778,0.006505022,0.039587704,0.858016079
1515,0.054544039,0.083134206,0.154719691,0.504441451,0.070632596,0.063105505,0.011865721,0.000635962,0.008767449,0.036776318,0.857107722
1515,0.05306184,0.082245853,0.159042014,0.501037953,0.071203306,0.064115301,0.012012401,0.000720016,0.006696262,0.039846698,0.84944899
1515,0.052679016,0.081652475,0.157894576,0.508685534,0.069132029,0.06365273,0.011996302,0.000714822,0.007117218,0.039066486,0.853325006
1823,0.018168774,0.096266691,0.170164125,0.566105616,0.01638582,0.073688149,0.012891735,0.000567431,0.026421455,0.018822293,1.345578208
1773,0.05530513,0.08710558,0.160493319,0.524476984,0.050951322,0.06350214,0.013167888,0.000624035,0.018127793,0.025647754,0.909388343
1613,0.056048919,0.082672156,0.156057776,0.507242721,0.063800366,0.062554598,0.011589062,0.000632428,0.010119944,0.035240758,0.905776675
1673,0,0.141205462,0.160088973,0.454215404,0,0.231131858,0,0,0.013358302,0.011301123,0.863921128
1673,0,0.139089327,0.157689846,0.447408436,0,0.227668067,0,0,0.028144323,0.023416077,0.862532011
1673,0,0.136001507,0.154189089,0.437475848,0,0.222613775,0,0,0.049719781,0.041864056,0.860687647
1673,0,0.132188231,0.149865861,0.42520969,0,0.216372023,0,0,0.076364195,0.063076825,0.858707207
1673,0,0.121759804,0.138042833,0.391664583,0,0.199302274,0,0,0.149230507,0.122219785,0.854952733
1673,0,0.111637711,0.126567105,0.359104862,0,0.182733948,0,0,0.219956374,0.181464008,0.853614415
1673,0,0.14149052,0.160412152,0.455132348,0,0.231598454,0,0,0.011366527,0.003955551,0.864116061
1673,0,0.140061656,0.158792205,0.450536125,0,0.229259622,0,0,0.021350391,0.008006397,0.863157612
1673,0,0.137210362,0.155559605,0.441364371,0,0.224592487,0,0,0.041273173,0.014486884,0.86138396
1673,0,0.134289347,0.15224796,0.431968345,0,0.219811229,0,0,0.061683118,0.021465725,0.859757919
1673,0,0.124593269,0.141255219,0.400778985,0,0.203940225,0,0,0.129432303,0.048666546,0.855733349
1673,0,0.139255358,0.15787808,0.447942505,0,0.227939834,0,0,0.026984223,0.002752391,0.862637312
1673,0,0.136685066,0.154964061,0.439674653,0,0.223732658,0,0,0.044943562,0.004089864,0.861077322
1673,0,0.134289347,0.15224796,0.431968345,0,0.219811229,0,0,0.061683118,0.005366431,0.859757919
1673,0,0.111936089,0.126905384,0.360064652,0,0.183222347,0,0,0.217871528,0.047495993,0.85362152
1673.15,0.084536908,0.03170134,0.167526735,0.540566561,0.012110961,0.075881939,0.018715356,0,0.0689602,0,0.963144734
1574.15,0,0.156101971,0.128636187,0.556879329,0,0.117349038,0,0,0.010713701,0.030319774,1.338875574
1574.15,0,0.150586755,0.125268613,0.539040649,0,0.113782903,0,0,0.018573198,0.052747882,1.314446837
1574.15,0,0.137627374,0.114547149,0.493406718,0,0.103490144,0,0,0.037921763,0.113006852,1.259191606
1622.15,0,0.155769525,0.130447654,0.555605739,0,0.117015559,0,0,0.012473189,0.028688335,1.340383383
1622.15,0,0.151228452,0.12720073,0.534986445,0,0.113636978,0,0,0.021775342,0.051172053,1.310725835
1622.15,0,0.138212691,0.114544517,0.496096059,0,0.10297063,0,0,0.041622501,0.106553602,1.265528698
1672.15,0,0.155629781,0.130555777,0.557546121,0,0.117114038,0,0,0.013227798,0.025926485,1.343630136
1672.15,0,0.150712472,0.125359846,0.540357068,0,0.112463018,0,0,0.023467854,0.047639743,1.321914352
1672.15,0,0.137033493,0.114748437,0.49415108,0,0.102847547,0,0,0.047703294,0.103516148,1.262880495
1724.15,0,0.156763061,0.1308943,0.555190946,0,0.11752275,0,0,0.015480056,0.024148888,1.338635577
1724.15,0,0.150592838,0.12617014,0.539600879,0,0.113598069,0,0,0.026231488,0.043806585,1.317373618
1724.15,0,0.13845262,0.11540558,0.497714962,0,0.104170493,0,0,0.051520123,0.092736221,1.264895185
1671.15,0,0,0.195163347,0.635923513,0,0.094465837,0,0,0.031951632,0.042495671,1.628184053
1671.15,0,0.070406634,0.180395735,0.59145396,0,0.087470563,0,0,0.027343622,0.042929486,1.581525614
1721.15,0,0,0.194509038,0.635375064,0,0.095392312,0,0,0.035414022,0.039309564,1.621479883
1721.15,0,0.06918602,0.180389622,0.590790114,0,0.087843847,0,0,0.031078094,0.040712303,1.577895149
1721.15,0,0.135827373,0.165898545,0.548075364,0,0.081099935,0,0,0.028671694,0.040427089,1.52115355
1721.15,0,0.203479689,0.153400387,0.50005644,0,0.074275434,0,0,0.027081909,0.04170614,1.446929589
1772.15,0,0,0.191280835,0.636855049,0,0.09596957,0,0,0.0391209,0.036773646,1.615175033
1772.15,0,0.069849262,0.178328947,0.593191741,0,0.087157588,0,0,0.03419735,0.037275112,1.582461011
1772.15,0,0.135839721,0.166305152,0.546913919,0,0.080990625,0,0,0.032235291,0.037715291,1.519852576
1772.15,0,0.204896349,0.151596515,0.500584548,0,0.074348104,0,0,0.030076528,0.038497956,1.445487616
1671.15,0.032939191,0.129960081,0.11113739,0.474791137,0.091550638,0.099751773,0,0,0.011693318,0.048176471,0.649028049
1723.15,0.102947202,0.089655671,0.106590897,0.441291615,0.051443901,0.148653392,0,0,0.012696009,0.046721313,0.487498899
1723.15,0.12474988,0.058199065,0.069855942,0.515904796,0.074528133,0.097322201,0,0,0.012409182,0.047030801,0.473137565
1723.15,0.109390726,0.123469245,0.17979877,0.38867502,0.052259141,0.088286641,0,0,0.012717824,0.045402632,0.555575071
1723.15,0.072538324,0.140813278,0.127506209,0.438566243,0.061875725,0.099422592,0,0,0.014387774,0.044889855,0.618376286
1772.15,0.060470084,0.142607171,0.132491282,0.453782642,0.049255672,0.100423532,0,0,0.016842435,0.044127181,0.714615924
1772.15,0.064062036,0.08088272,0.167205227,0.445559674,0.046432619,0.132791072,0,0,0.017567312,0.045499339,0.661810783
1773.15,0.113467884,0.085805789,0.104396521,0.431782549,0.067016283,0.140852449,0,0,0.012511815,0.044166708,0.43118362
1773.15,0.137137426,0.055747657,0.068259228,0.503555978,0.090452345,0.089666068,0,0,0.011715775,0.043465524,0.413258915
1723.15,0,0.251300985,0.170854388,0.507208026,0,9.67659E-05,0,0,0.032778734,0.037761101,1.853973113
1723.15,0,0.206806191,0.141306524,0.419654528,0,0.160568078,0,0,0.022486564,0.049178115,0.99256523
1773.15,0,0.251161214,0.171373183,0.505471503,0,9.64003E-05,0,0,0.037427225,0.034470475,1.849736582
1773.15,0,0.235475107,0.160921178,0.476113545,0,0.052312704,0,0,0.034343292,0.040834174,1.50216868
1773.15,0,0.222116325,0.151761499,0.448797309,0,0.106323959,0,0,0.028733674,0.042267234,1.222341186
1773.15,0,0.207206412,0.141850695,0.418529508,0,0.161040745,0,0,0.025554114,0.045818526,0.990020725
1773.15,0,0.197839421,0.13494303,0.592455357,0,9.90286E-05,0,0,0.039567124,0.035096039,2.006510667
1773.15,0,0.176346969,0.12029462,0.590437854,0,0.039019243,0,0,0.036566706,0.037334607,1.748026836
1773.15,0,0.163032188,0.111540065,0.576637863,0,0.077667867,0,0,0.032505492,0.038616525,1.514589655
1773.15,0,0.145623856,0.09974313,0.56849131,0,0.112330293,0,0,0.031994543,0.041816868,1.33274599
1826.15,0,0.251410735,0.171105598,0.505254478,0,0,0,0,0.040374057,0.031855131,1.849184533
1826.15,0,0.234934299,0.160709885,0.475756676,0,0.05270153,0,0,0.038139502,0.037758107,1.499295631
1826.15,0,0.222460819,0.151386255,0.449192741,0,0.106128455,0,0,0.032210882,0.038620847,1.223374143
1826.15,0,0.206865136,0.141135745,0.420562014,0,0.160155543,0,0,0.028275114,0.043006448,0.99492265
1826.15,0,0.196246365,0.13323657,0.597066381,0,9.91344E-05,0,0,0.042350779,0.03100077,2.014834673
1826.15,0,0.177009481,0.120064092,0.589565174,0,0.039080015,0,0,0.038972318,0.03530892,1.745515949
1826.15,0,0.1627744,0.111321389,0.57693856,0,0.077645722,0,0,0.035911344,0.035408585,1.514812203
1826.15,0,0.145128114,0.099500557,0.570034913,0,0.111854839,0,0,0.034661122,0.038820456,1.336658362
1773.15,0.019033494,0.128722984,0.153239698,0.41979928,0,0.211125573,0,0,0.023954599,0.044124372,0.796394163
1773.15,0.09654734,0.117945489,0.141709485,0.387420035,0,0.194400879,0,0,0.016606852,0.04536992,0.559311933
1773.15,0.124535434,0.113617201,0.137982498,0.375100272,0,0.188351902,0,0,0.01482884,0.045583853,0.492431862
1773.15,0.027598273,0.071199839,0.08534073,0.625295357,0,0.116478999,0,0,0.029587381,0.044499421,1.195708505
1773.15,0.12859165,0.063929304,0.076660407,0.559986021,0,0.105896965,0,0,0.020330511,0.044605142,0.718594167
1773.15,0.195507353,0.058784305,0.07086753,0.51941548,0,0.09614961,0,0,0.016142626,0.043133096,0.519414476
1773.15,0.023412068,0.10707917,0.268553665,0.354731253,0,0.17633797,0,0,0.023256531,0.046629344,0.85856165
1773.15,0.106194826,0.097674444,0.245725795,0.326288306,0,0.161686325,0,0,0.015991369,0.046438935,0.582473662
1773.15,0.129062636,0.095429286,0.239158757,0.317047503,0,0.157892432,0,0,0.014215136,0.047194251,0.522047218
1773.15,0.041117625,0.125404324,0.150173853,0.410139444,0,0.206816082,0,0,0.020669368,0.045679303,0.718689976
1773.15,0.063424594,0.121798873,0.146966966,0.401922703,0,0.202222209,0,0,0.019505103,0.044159552,0.649768993
1773.15,0.067917937,0.122230406,0.146832896,0.399837681,0,0.200681125,0,0,0.018595642,0.043904312,0.637707109
1773.15,0.043016851,0.069810467,0.083806083,0.616896578,0,0.114892154,0,0,0.027646916,0.04393095,1.107440837
1773.15,0.112511682,0.064467594,0.077572872,0.573412619,0,0.106462053,0,0,0.021387208,0.044185972,0.783614933
1773.15,0.155087793,0.061778953,0.07431737,0.544749493,0,0.101234419,0,0,0.018605855,0.044226116,0.633770474
1773.15,0.032622214,0.105502002,0.266782976,0.35140002,0,0.174535141,0,0,0.022622718,0.04653493,0.822840345
1773.15,0.068207173,0.102080212,0.255841721,0.33972798,0,0.168849417,0,0,0.019147653,0.046145844,0.695026498
1773.15,0.073377435,0.101769992,0.25443157,0.338516301,0,0.167472038,0,0,0.018515133,0.045917531,0.679849182
1774.15,0,0.073286114,0.087641713,0.626922795,0.015067884,0.118377287,0,0,0.030235961,0.048468246,1.247895342
1774.15,0,0.063538767,0.076092325,0.564250847,0.127186656,0.103082593,0,0,0.017401906,0.048446906,0.651576048
1774.15,0,0.059624336,0.07175692,0.534872306,0.175012958,0.096204179,0,0,0.01417898,0.048350321,0.494036761
1774.15,0,0.185852153,0.127897557,0.565288791,0.051235521,9.86267E-05,0,0,0.030740553,0.038886799,1.445627743
1774.15,0,0.168225269,0.117018806,0.51147417,0.140957066,0.000195543,0,0,0.019704772,0.042424375,0.812526139
1774.15,0,0.162329041,0.109873311,0.483235158,0.185357323,9.68666E-05,0,0,0.015404822,0.043703479,0.610373057
1774.15,0,0.071335618,0.085865362,0.62998571,0.020939157,0.116570303,0,0,0.028035685,0.047268165,1.215680055
1774.15,0,0.064487739,0.077050724,0.572107257,0.112577751,0.10576974,0,0,0.019391728,0.048615061,0.706806641
1774.15,0,0.063067157,0.074868118,0.557140779,0.137221309,0.1020204,0,0,0.016876217,0.04880602,0.613313293
1774.15,0,0.185962012,0.128163595,0.576611378,0.040390685,9.88319E-05,0,0,0.032578635,0.036194863,1.558281204
1774.15,0,0.170006805,0.118201189,0.519054594,0.129891793,0.000195545,0,0,0.020800157,0.041849916,0.87297852
1774.15,0,0.167094473,0.114913194,0.504645299,0.152183506,9.73517E-05,0,0,0.018471318,0.042594859,0.756019685
1774.15,0,0.067967337,0.081730887,0.63280938,0.034681952,0.11081857,0,0,0.026419036,0.045572837,1.143407428
1774.15,0,0.065337631,0.07850089,0.57650288,0.105224598,0.106160829,0,0,0.020021458,0.048251714,0.739635683
1774.15,0,0.064605587,0.075782365,0.563726628,0.123347892,0.104953451,0,0,0.018350279,0.049233798,0.661306257
1774.15,0,0.189977406,0.132229706,0.576968417,0.030998028,9.85462E-05,0,0,0.033668709,0.036059187,1.649923364
1774.15,0,0.17124879,0.118662604,0.521992188,0.125039445,9.76222E-05,0,0,0.021407464,0.041551887,0.900712276
1774.15,0,0.169145115,0.116307143,0.508843751,0.143953289,0,0,0,0.01984277,0.041907931,0.796585899
1723.15,0,0.12832058,0.154946893,0.429897444,0,0.215143452,0,0,0.021023939,0.050667693,0.870871083
1723.15,0,0.114053183,0.240123574,0.384021239,0,0.191160126,0,0,0.021537158,0.04910472,0.935789869
1723.15,0,0.093863676,0.314311617,0.346883425,0,0.173033552,0,0,0.022125455,0.049782275,0.983655523
1723.15,0,0.074944441,0.091166556,0.630415004,0,0.124697473,0,0,0.028034351,0.050742175,1.341693944
1723.15,0,0.063261599,0.169935156,0.584597563,0,0.10769708,0,0,0.029923133,0.044585468,1.458593941
1723.15,0,0.056383102,0.251612072,0.520748544,0,0.096243683,0,0,0.035217183,0.039795417,1.509289385
1774.15,0,0.126596786,0.155616203,0.431545548,0,0.214610343,0,0,0.023718914,0.047912206,0.874625147
1774.15,0,0.113341252,0.239807474,0.384920187,0,0.191008801,0,0,0.024540584,0.046381703,0.937278568
1774.15,0,0.098418302,0.32144465,0.338465227,0,0.168616662,0,0,0.025454759,0.0476004,0.986839753
1774.15,0,0.070693738,0.087212046,0.648025931,0,0.119085285,0,0,0.02963755,0.045345451,1.381564003
1774.15,0,0.062700385,0.171199512,0.585594251,0,0.106732965,0,0,0.033082012,0.040690875,1.46635319
1774.15,0,0.056214445,0.251617658,0.52197063,0,0.095996022,0,0,0.038248065,0.035953181,1.5129249
1824.15,0,0.126905783,0.155064579,0.429425804,0,0.21399957,0,0,0.027428038,0.047176225,0.873264751
1824.15,0,0.112686186,0.239844814,0.386044094,0,0.191767742,0,0,0.026088825,0.043568338,0.936871281
1824.15,0,0.099133021,0.323507191,0.336688738,0,0.16848419,0,0,0.0276578,0.044529059,0.985599249
1824.15,0,0.071261567,0.08705722,0.644482186,0,0.120026097,0,0,0.034919878,0.042253052,1.372458511
1824.15,0,0.063973376,0.169727033,0.584455322,0,0.107524402,0,0,0.037159934,0.037159934,1.459006268
1824.15,0,0.056947745,0.253402624,0.519401881,0,0.096182991,0,0,0.040694922,0.033369836,1.50957028
1672.15,0,0.125246985,0.155572513,0.430902524,0,0.215053203,0,0,0.018169919,0.055054856,0.872717871
1672.15,0,0.132967958,0.164006619,0.445079093,0,0.225086825,0,0,0.009027337,0.023832169,0.870762982
1672.15,0,0.118568379,0.145741554,0.392888727,0,0.197788013,0,0,0.030529121,0.114484205,0.86530158
1723.15,0,0.127401746,0.155706776,0.429291565,0,0.214928583,0,0,0.021125387,0.051545943,0.871248175
1723.15,0,0.131870254,0.164042587,0.44606587,0,0.223994427,0,0,0.010941113,0.023085749,0.874680082
1723.15,0,0.118006395,0.143807692,0.390340067,0,0.196503675,0,0,0.038706438,0.112635734,0.864364296
1723.15,0,0.207815075,0.131257307,0.411317872,0,0.182059375,0,0,0.019028273,0.048522097,0.914398255
1723.15,0,0.278274868,0.10828145,0.39772813,0,0.149364729,0,0,0.01837973,0.047971094,0.963935301
1774.15,0,0.127143144,0.154787775,0.428990386,0,0.214125199,0,0,0.024819038,0.050134457,0.872237505
1774.15,0,0.134691396,0.164112005,0.444629417,0,0.224386681,0,0,0.012097932,0.020082568,0.872104568
1774.15,0,0.118598026,0.146056682,0.394645155,0,0.198115457,0,0,0.042690024,0.099894656,0.866689912
1774.15,0,0.20578561,0.130914923,0.412490112,0,0.180955866,0,0,0.022460929,0.04739256,0.918655086
1774.15,0,0.275033613,0.108334264,0.401378448,0,0.148282524,0,0,0.021060111,0.045911041,0.972532697
1823.15,0,0.128051397,0.155294257,0.42787218,0,0.214258435,0,0,0.026711014,0.047812716,0.870961508
1823.15,0,0.13246774,0.163109492,0.445459342,0,0.223565429,0,0,0.013408332,0.021989665,0.874340434
1823.15,0,0.118746608,0.146435888,0.394754859,0,0.198118903,0,0,0.04715739,0.094786353,0.867051098
1823.15,0,0.20459034,0.131917031,0.414879064,0,0.181882152,0,0,0.024178048,0.042553364,0.92014051
1823.15,0,0.276640622,0.107745635,0.399621998,0,0.148923262,0,0,0.023615663,0.04345282,0.9676312
1774.15,0,0.130627236,0.157526575,0.430565309,0,0.213440578,0,0,0.022463676,0.045376625,0.877838326
1774.15,0,0.201818752,0.143439515,0.391655516,0,0.194233644,0,0,0.021055833,0.047796741,0.866572088
1774.15,0,0.26486927,0.131786762,0.358352542,0,0.177871496,0,0,0.017756595,0.049363334,0.851520137
1774.15,0,0.073118215,0.087681191,0.647604575,0,0.11790234,0,0,0.029835498,0.043858182,1.387778687
1774.15,0,0.180831762,0.076140848,0.566858708,0,0.102009716,0,0,0.031028856,0.04313011,1.346712559
1774.15,0,0.280604978,0.066556301,0.492888744,0,0.088887291,0,0,0.028770318,0.042292368,1.274653023
1824.15,0,0.130538207,0.157987417,0.430813593,0,0.212506394,0,0,0.025336204,0.042818185,0.880834381
1824.15,0,0.202958212,0.142477867,0.391717136,0,0.193260818,0,0,0.023912703,0.045673263,0.868375406
1824.15,0,0.266600257,0.130356551,0.357440829,0,0.177932168,0,0,0.020631157,0.047039038,0.849138791
1824.15,0,0.072315747,0.087645077,0.647689127,0,0.117962594,0,0,0.033812479,0.040574975,1.387162618
1824.15,0,0.180713918,0.076107487,0.567690154,0,0.10175831,0,0,0.03413432,0.039595811,1.349040686
1824.15,0,0.281344603,0.066741605,0.490848842,0,0.089380375,0,0,0.03214555,0.039539026,1.269419844
1672.15,0,0.130175158,0.157048376,0.429653816,0,0.211240256,0,0,0.018688,0.052887039,0.88385825
1672.15,0,0.128847615,0.157698197,0.428824692,0,0.208583185,0.037632927,0,0.010025903,0.027872009,0.901182872
1672.15,0,0.128155865,0.157479898,0.426999266,0,0.208118075,0,0,0.010929748,0.025357015,1.197879494
1672.15,0,0.129366891,0.200964632,0.426029746,0,0.210345398,0,0,0.008675111,0.02411681,0.915740261
1672.15,0,0.101668377,0.20155862,0.49595017,0,0.164753464,0,0,0.011325411,0.02423638,1.151156456
1672.15,0,0.118956207,0.145665328,0.394091029,0,0.19232503,0.035732459,0,0.020874023,0.048636474,1.207564842
1723.15,0,0.127183481,0.164425961,0.425901605,0,0.20984276,0,0,0.045121859,0.027524334,0.886431445
1723.15,0,0.13535691,0.166486675,0.44245996,0,0.221820714,0,0,0.021040833,0.012834908,0.877748289
1723.15,0,0.118781375,0.147281254,0.389912775,0,0.194280096,0,0,0.086557514,0.063186985,0.871668639
1771.15,0,0.129509445,0.157629334,0.428621252,0,0.213984288,0,0,0.045918746,0.024336935,0.874232386
1771.15,0,0.135130986,0.166054107,0.442906385,0,0.222266563,0,0,0.023042438,0.010599522,0.876832981
1771.15,0,0.119356485,0.147780315,0.392792211,0,0.196198236,0,0,0.088265492,0.05560726,0.870466595
1771.15,0,0.204756423,0.13473958,0.413524996,0,0.18220762,0,0,0.041787988,0.022983393,0.919572043
1771.15,0,0.280403369,0.10902047,0.397705,0,0.146928773,0,0,0.040455453,0.025486935,0.97111697
1823.15,0,0.12899926,0.157737926,0.428599923,0,0.213235117,0,0,0.047618516,0.023809258,0.876169579
1823.15,0,0.134653446,0.16578904,0.443222739,0,0.222085362,0,0,0.023141495,0.011107918,0.877460386
1823.15,0,0.119458441,0.147552283,0.39037397,0,0.195077984,0,0,0.090513695,0.057023628,0.870339712
1823.15,0,0.205817059,0.134912935,0.414360172,0,0.180990498,0,0,0.041506062,0.022413273,0.924015316
1775.15,0,0.128858139,0.15620177,0.428961344,0,0.21439311,0.000141801,0,0.024884652,0.046559184,0.872601884
1775.15,0,0.118613351,0.14438084,0.40085832,0,0.197968534,0.066960811,0,0.025897507,0.045320637,0.890116295
1775.15,0,0.107396114,0.129116,0.35921443,0,0.178189879,0.149654735,0,0.028625034,0.047803807,0.905372195
1775.15,0,0.09680592,0.117058088,0.321841395,0,0.161720435,0.223481666,0,0.030420191,0.048672306,0.920096182
1775.15,0,0.070582134,0.086942764,0.646758836,0,0.11934531,7.34015E-05,0,0.031527915,0.04476964,1.378090753
1775.15,0,0.061731864,0.075100913,0.574008837,0,0.10424262,0.109806239,0,0.032942774,0.042166751,1.34923158
1775.15,0,0.054415656,0.066871954,0.509672224,0,0.093781135,0.195134538,0,0.036420224,0.043704269,1.318035394
1776.15,0,0.12877865,0.156327153,0.42831977,0,0.215573482,0.000212571,0,0.024409784,0.04637859,0.869002301
1776.15,0,0.07039984,0.087176436,0.650443893,0,0.118306786,7.32119E-05,0,0.03053935,0.043060483,1.388185739
1776.15,0,0.128347285,0.155885592,0.428863151,0,0.216138286,7.10094E-05,0,0.024127876,0.046566801,0.867873438
1776.15,0,0.070838197,0.085864481,0.653838508,0,0.117297014,0,0,0.030067416,0.042094383,1.395367932
1774.15,0,0.128410907,0.156703713,0.427379284,0,0.215225048,0.000141154,0,0.025135852,0.047004042,0.869022694
1774.15,0,0.075670809,0.089770657,0.627906712,0,0.123887688,0,0,0.034341965,0.04842217,1.339092045
1724.15,0,0.127938822,0.157257444,0.42815356,0,0.21698875,0.000141255,0,0.019577631,0.049942538,0.865933046
1724.15,0,0.119237931,0.143850262,0.396872391,0,0.197611068,0.070809345,0,0.020880176,0.050738827,0.886988787
1724.15,0,0.107090748,0.13013468,0.357990532,0,0.18012607,0.149826677,0,0.022884188,0.051947106,0.899679895
1724.15,0,0.09703521,0.116390192,0.320711377,0,0.162778935,0.225530636,0,0.024856939,0.05269671,0.916163078
1724.15,0,0.072396596,0.088915678,0.644373759,0,0.121360275,7.36086E-05,0,0.025393758,0.047486327,1.370871509
1724.15,0,0.063588093,0.077230541,0.565296089,0,0.105943407,0.112563782,0,0.027611021,0.047767066,1.334982519
1724.15,0,0.056797345,0.070180091,0.490022533,0,0.098250795,0.203265166,0,0.03110079,0.050383279,1.282230596
1673.15,0,0.128816959,0.156473749,0.429295801,0,0.216173038,0.000141446,0,0.016570505,0.052528502,0.868739406
1673.15,0,0.118421336,0.144735268,0.400614776,0,0.198243445,0.067607472,0,0.017638522,0.052739181,0.889550535
1673.15,0,0.107048192,0.129196094,0.358467892,0,0.179731981,0.150643971,0,0.020083612,0.05482826,0.900869603
1673.15,0,0.095989656,0.116656037,0.320071119,0,0.161566748,0.227236735,0,0.022106959,0.056372746,0.919437773
1724.15,0,0.133090276,0.154607276,0.423359146,0,0.212549835,0,0,0.021317287,0.049242933,0.905617406
1724.15,0,0.126620364,0.146558942,0.400778553,0,0.200807625,0,0,0.024631068,0.045813787,1.271750963
1724.15,0,0.118137839,0.138220834,0.379025566,0,0.188670268,0,0,0.028538692,0.041951877,1.813552436
1724.15,0,0.110954616,0.13102619,0.356669667,0,0.177002344,0,0,0.032795918,0.038699184,2.5274627
1724.15,0,0.103138723,0.124450948,0.341568726,0,0.165634386,0,0,0.035981724,0.035262089,3.404350213
1774.15,0,0.133196192,0.155555207,0.424780333,0,0.213245136,0,0,0.024011186,0.046101477,0.889169036
1774.15,0,0.125455154,0.146886021,0.402623519,0,0.200656797,0,0,0.027644535,0.04284903,1.267770066
1774.15,0,0.1184579,0.138271764,0.378268146,0,0.18809462,0,0,0.031821412,0.039140337,1.821029464
1774.15,0,0.110485888,0.130963172,0.355886706,0,0.17558373,0,0,0.03561834,0.035262157,2.595367479
1774.15,0,0.103371988,0.122267943,0.332717009,0,0.165041875,0,0,0.038935748,0.031927314,3.657019324
1774.15,0,0.096139198,0.113049084,0.482452607,0,0.153212309,0,0,0.034274036,0.038729661,1.901035245
1775.15,0,0.096649855,0.113649892,0.482822252,0,0.154135473,0,0,0.034196669,0.03932617,1.85960505
1775.15,0,0.097108932,0.114468504,0.486869733,0,0.155966518,0,0,0.033366878,0.039039247,1.783518701
1825.15,0,0.132961392,0.15598792,0.424528723,0,0.213737728,0,0,0.026783034,0.042585024,0.88982686
1825.15,0,0.126054445,0.147208109,0.40172318,0,0.201047101,0,0,0.030876077,0.03983014,1.259612485
1825.15,0,0.11865424,0.138719401,0.377688146,0,0.188704807,0,0,0.035106522,0.035808652,1.809080887
1825.15,0,0.110303217,0.131132178,0.355622395,0,0.175757874,0,0,0.039155958,0.032499445,2.581421575
1825.15,0,0.101546563,0.124703435,0.338952228,0,0.163050793,0,0,0.042475107,0.029307824,3.566598187
1825.15,0,0.095924998,0.11257429,0.484125175,0,0.153073965,0,0,0.036918812,0.036549624,1.887372441
2173.15,0.000164859,0.48052696,0.043490457,0.40067337,0,0.018434771,0,0,0.031757366,0.024952217,1.327091007
2166.15,0.000164425,0.481809985,0.043875639,0.396644771,0,0.018841324,0,0,0.042356386,0.016227827,1.316438146
2134.15,0.000164487,0.481736312,0.043792165,0.396114131,0,0.018848414,0,0,0.043380823,0.015963668,1.315095768
2151.15,0,0.480969397,0.043149288,0.397574137,0,0.018873344,0,0,0.045940038,0.013414016,1.318781989
2139.15,0,0.480124127,0.043596289,0.397341174,0,0.018850181,0,0,0.045667054,0.014421175,1.318843189
2197.15,0,0.485816602,0.043869217,0.39123547,0,0.018929574,0,0,0.049803485,0.010345651,1.304181917
2175.15,0,0.491905721,0.043464366,0.389821652,0,0.017753751,0,0,0.049979751,0.007074759,1.304371551
2173.15,0,0.480854563,0.044199309,0.396132568,0,0.019172395,0,0,0.056881384,0.002680275,1.315369346
2169.15,0,0.492043434,0.04383836,0.389655573,0,0.019149174,0,0,0.054262505,0.001050956,1.299122056
2112.15,0,0.488259257,0.04423989,0.393193202,0,0.019465906,0,0,0.05407396,0.000767784,1.306886214
2124.15,0.000164925,0.480846676,0.043307328,0.395805921,0,0.018624729,0,0,0.044838003,0.016332533,1.314796681
2148.15,0,0.483802201,0.043525751,0.394576907,0,0.018910598,0,0,0.046279208,0.012825783,1.311833231
